1	#	CAMINHO NO XML	CAMPO	REGRAS DE NEGÓCIO PARA A NOTA FISCAL DE SERVIÇO ELETRÔNICA DO  \n SISTEMA NACIONAL NFS-e							EMISSORES PÚBLICOS NACIONAIS NFS-e \n (SEFIN, WEB, APP)			
2												EVENTOS EMITIDOS SOB CONDIÇÕES DE  \n DECISÃO JUDICIAL OU ADMINISTRATIVA (cStat = 102) \n RNs EXECUTADAS NA GERAÇÃO DE EVENTOS PELOS \n EMISSORES PÚBLICOS NACIONAIS (SEFIN, WEB, APP) \n RNs EXECUTADAS (V) \n RNs NÃO EXECUTADAS (X)	RNs EXECUTADAS  \n NA RECEPÇÃO DE EVENTOS COMPARTILHADOS  \n PELOS MUNICÍPIOS COM O  \n ADN NFS-e (V)  \n E \n RNs NÃO EXECUTADAS (X)	EVENTOS EMITIDOS SOB CONDIÇÕES DE  \n DECISÃO JUDICIAL OU ADMINISTRATIVA (cStat = 102) \n RNs EXECUTADAS NA GERAÇÃO DE EVENTOS PELOS \n EMISSORES PÚBLICOS NACIONAIS (SEFIN, WEB, APP) \n RNs EXECUTADAS (V) \n RNs NÃO EXECUTADAS (X)
3							EFEITO	CÓD. ERRO	MSG. ERRO
4				-			-	-	-	-	-	-	-	-	-
5		evento/	versao	O prazo de aceitação da versão do leiaute do DF-e ultrapassado.			Rej.	E1260	O prazo de aceitação da versão do leiaute do DF-e expirou.	1	V	V	V	V	-
6		evento/	infEvento	-			-	-	-	-	-	-	-	-	-
7		evento/infEvento/	id	Campo identificador do Evento (EVT) inválido. \n  \n Identificador do evento difere da concatenação dos campos correspondentes existente no leiaute evento. \n  \n A formação deste identificador considera o literal "EVT" associado a outras 59 posições numéricas,  \n conforme descrito abaixo: \n  \n "EVT" +  \n id do Pedido de Registo de Evento (56) +  \n Número sequencial do evento (nSeqEvento) (3)			Rej.	E1802	Conteúdo do identificador informado no identificador do evento difere da concatenação dos campos correspondentes.	1	V	V	V	V	-
8							Rej.	E1805	Já existe um Evento com este identificador no ADN NFS-e.	1	X	X	V	V	-
9							Rej.	E0802	Já existe um documento fiscal eletrônico identificado com este id no Sistema Nacional NFS-e.			V	X	X	-
10		evento/infEvento/	verAplic	-			-	-	-	-	-	-	-	-	-
11		evento/infEvento/	ambGer	Verificar se o ambiente gerador da NFS-e está de acordo com a definição: \n 1- Sistema Próprio do Município, para as NFS-e compartilhadas pelo município para o ADN, ou \n 2 - Sefin Nacional NFS-e, para as NFS-e emitidas pela Sefin ou recepcionadas via API "Bypass".			Rej.	E1274	O ambiente gerador da NFS-e não está de acordo com a definição 1 (Sistema Próprio do Município) ou 2 (Sefin Nacional).	1	X	X	V	V	-
12		evento/infEvento/	nSeqEvento	-			-	-	-	-	-	-	-	-	-
13		evento/infEvento/	dhProc	A data/hora do registro do evento deve ser anterior à data/hora do processamento do documento pelo Sistema Nacional NFS-e.			Rej.	E1278	A data e hora do processamento (geração) do DF-e deve ser anterior ou igual à data da recepção pelo Sistema Nacional NFS-e.	1	V	V	V	V	-
14		evento/infEvento/	nDFSe	-			-	-	-	-	-	-	-	-	-
15		evento/infEvento/	pedRegEvento	-			-	-	-	-	-	-	-	-	-
16		evento/pedRegEvento/	versao	Prazo de aceitação da versão do leiaute do pedido de registro de evento ultrapassado.			Rej.	E1825	Prazo de aceitação da versão do leiaute do pedido de registro de evento expirou.	1	V	V	V	V	-
17		evento/pedRegEvento/	infPedReg	-			-	-	-	-	-	-	-	-	-
18		evento/pedRegEvento/infPedReg/	id	Campo identificador do Pedido de Registro de Evento (PRE) inválido. \n  \n Identificador do PRE difere da concatenação dos campos correspondentes existente no leiaute do PRE. \n  \n A formação deste identificador considera o literal "PRE" associado a outras 56 posições numéricas, conforme descrito abaixo: \n  \n "PRE" +  \n Chave de acesso da NFS-e (50) + \n Código do evento (6)			Rej.	E1827	Conteúdo do identificador informado no identificador do Pedido de Registro de Evento difere da concatenação dos campos correspondentes.	1	V	V	V	V	-
19							Rej.	E1818	Não é permitido o compartilhamento pelo município com o ADN dos eventos de manifestação de NFS-e para confirmação ou rejeição pelos não emitentes de um NFS-e. Estes eventos devem ser emitidos pelos não emitentes da NFS-e diretamente no SEFIN NFS-e. \n 	1	X	X	V	V	-
20		evento/pedRegEvento/infPedReg/	tpAmb	Tipo do ambiente informado difere do ambiente utilizado.			Rej.	E1845	Ambiente informado diverge do ambiente de recebimento para o qual o emitente está enviando o evento.	1	V	V	V	V	-
21		evento/pedRegEvento/infPedReg/	verAplic	-			-	-	-	-	-	-	-	-	-
22		evento/pedRegEvento/infPedReg/	dhEvento	A data de emissão do pedido do registro do evento não pode ser posterior à data de recebimento do lote  \n em que o Evento está sendo recebido pelo Sistema Nacional NFS-e.			Rej.	E1843	A data de emissão do pedido do registro do evento não pode ser posterior à data de recebimento pelo Sistema Nacional NFS-e.	1	X	V	V	V	-
23		evento/pedRegEvento/infPedReg/	CNPJAutor	Se o autor do pedido de registro de evento for identificado por um CNPJ este deve corresponder ao mesmo CNPJ do certificado digital da assinatura, se informada no pedido.  \n  \n Verificar apenas o CNPJ base.			Rej.	E0812	O CNPJ do autor do pedido de registro de evento não corresponde à base do CNPJ informada no certificado digital da assinatura do pedido.	1	V	V	V	V	-
24							Rej.	E0813	O CNPJ autor informado no pedido de registro de evento não corresponde ao "AUTOR DO PEDIDO DE REGISTRO DE EVENTO" indicado na planilha "Tipo Eventos".	1	V	V	V	V	-
25		evento/pedRegEvento/infPedReg/	CPFAutor	Se o autor do pedido de registro de evento for identificado por um CPF este deve corresponder ao mesmo CPF do certificado digital da assinatura, se informada no pedido.			Rej.	E0815	O CPF do autor do pedido de registro de evento não corresponde ao CPF informado no certificado digital da assinatura do pedido.	1	V	V	V	V	-
26							Rej.	E0816	O CPF autor informado no pedido de registro de evento não corresponde ao "AUTOR DO PEDIDO DE REGISTRO DE EVENTO" indicado na planilha "Tipo Eventos".	1	V	V	V	V	-
27		evento/pedRegEvento/infPedReg/	chNFSe	A NFS-e indicada não existe no ADN NFS-e.			Rej.	E1831	O pedido de registro de evento não pode ser validado pois a NFS-e indicada não existe no Ambiente de Dados Nacional NFS-e.	1	V	V	V	V	-
28							Rej.	E0822	O prazo para o cancelamento da NFS-e expirou, conforme parametrização do município emissor da NFS-e.	3	V	V	X	X	-
29							Rej.	E0823	Valor da NFS-e a ser cancelada acima do permitido, conforme parametrização do município emissor da NFS-e.	3	V	V	X	X	-
30							Rej.	E0824	NFS-e sem indentificação do tomador do serviço não pode ser cancelada, conforme parametrização do município emissor da NFS-e.	3	V	V	X	X	-
31							Rej.	E0827	Não é permitido realizar um Evento de Cancelamento para NFS-e que possua Evento de Tributos Recolhidos vinculado, conforme parametrização do município de incidência do ISSQN da NFS-e.	3	V	V	X	X	-
32							Rej.	E0831	O pedido de registro deste evento de NFS-e deve ser enviado para o ambiente que gerou a NFS-e referenciada no pedido.	1	V	V	V	V	-
33							Rej.	E1833	Somente é permitido um único evento do tipo Manifestação de NFS-e (Confirmação e Rejeição), por não emitente da NFS-e indicada no evento.	1	V	V	V	V	-
34							Rej.	E1835	Somente é permitido um único evento do tipo Manifestação de NFS-e (Anulação da Rejeição) para cada Evento de Manifestação de NFS-e - Rejeição, emitido por cada possível não emitentes da NFS-e indicada pela chave de acesso.	1	V	V	V	V	-
35		evento/pedRegEvento/infPedReg/	e101101	O Sistema Nacional NFS-e deve responder à recepção do EVENTO DE CANCELAMENTO NFS-e, conforme indicado nas linhas da respectiva coluna deste evento na planilha "RN EVENTOSxEVENTOS - Sistema Nacional NFS-e".			Rej.	E0840	O Sistema Nacional NFS-e não pode recepecionar o EVENTO DE CANCELAMENTO DE NFS-e pois, o evento de <nome_evento_vinculado_a_NFS-e> já está vinculado à NFS-e indicada no evento enviado, impedindo sua recepção.	1	V	V	V	V	-
36		evento/pedRegEvento/infPedReg/e101101/	xDesc	-			-	-	-	-	-	-	-	-	-
37		evento/pedRegEvento/infPedReg/e101101/	cMotivo	-			-	-	-	-	-	-	-	-	-
38		evento/pedRegEvento/infPedReg/e101101/	xMotivo	-			-	-	-	-	-	-	-	-	-
39		evento/pedRegEvento/infPedReg/	e105102	O Sistema Nacional NFS-e deve responder à recepção do EVENTO DE CANCELAMENTO DE NFS-e POR SUBSTITUIÇÃO, conforme indicado nas linhas da respectiva coluna deste evento na planilha "RN EVENTOSxEVENTOS - Sistema Nacional NFS-e".			Rej.	E0845	O Sistema Nacional NFS-e não pode recepecionar o EVENTO DE CANCELAMENTO DE NFS-e POR SUBSTITUIÇÃO pois, o evento de <nome_evento_vinculado_a_NFS-e> já está vinculado à NFS-e indicada no evento enviado, impedindo sua recepção.	1	V	V	V	V	-
40		evento/pedRegEvento/infPedReg/e105102/	xDesc	-			-	-	-	-	-	-	-	-	-
41		evento/pedRegEvento/infPedReg/e105102/	cMotivo	-			-	-	-	-	-	-	-	-	-
42		evento/pedRegEvento/infPedReg/e105102/	xMotivo	-			-	-	-	-	-	-	-	-	-
43		evento/pedRegEvento/infPedReg/e105102/	chSubstituta	-			-	-	-	-	-	-	-	-	-
44		evento/pedRegEvento/infPedReg/	e101103	O Sistema Nacional NFS-e deve responder à recepção do EVENTO DE SOLICITAÇÃO DE ANÁLISE FISCAL PARA CANCELAMENTO DE NFS-e, conforme indicado nas linhas da respectiva coluna deste evento na planilha "RN EVENTOSxEVENTOS - Sistema Nacional NFS-e".			Rej.	E0848	O Sistema Nacional NFS-e não pode recepecionar o EVENTO DE SOLICITAÇÃO DE ANÁLISE FISCAL PARA CANCELAMENTO DE NFS-e pois, o evento de <nome_evento_vinculado_a_NFS-e> já está vinculado à NFS-e indicada no evento enviado, impedindo sua recepção.	1	V	V	V	V	-
45		evento/pedRegEvento/infPedReg/e101103/	xDesc	-			-	-	-	-	-	-	-	-	-
46		evento/pedRegEvento/infPedReg/e101103/	cMotivo	-			-	-	-	-	-	-	-	-	-
47		evento/pedRegEvento/infPedReg/e101103/	xMotivo	-			-	-	-	-	-	-	-	-	-
48		evento/pedRegEvento/infPedReg/	e105104	Não é permitida a recepção do deferimento de uma solicitação de cancelamento por análise fiscal sem que haja um Evento de Solicitação de Análise Fiscal para Cancelamento de NFS-e, que esteja pendente de deferimento ou indeferimento.			Rej.	E0853	O Sistema Nacional NFS-e não pode recepecionar o EVENTO DE CANCELAMENTO DE NFS-e DEFERIDO POR ANÁLISE FISCAL pois não existe um EVENTO DE SOLICITAÇÃO DE ANÁLISE FISCAL PARA CANCELAMENTO DE NFS-e pendente para deferimento ou indeferimento.	1	V	V	V	V	-
49							Rej.	E0852	O Sistema Nacional NFS-e não pode recepecionar o EVENTO DE CANCELAMENTO DE NFS-e DEFERIDO POR ANÁLISE FISCAL pois, o evento de <nome_evento_vinculado_a_NFS-e> já está vinculado à NFS-e indicada no evento enviado, impedindo sua recepção.	1	V	V	V	V	-
50		evento/pedRegEvento/infPedReg/e105104/	xDesc	-			-	-	-	-	-	-	-	-	-
51		evento/pedRegEvento/infPedReg/e105104/	CPFAgTrib	-			-	-	-	-	-	-	-	-	-
52		evento/pedRegEvento/infPedReg/e105104/	nProcAdm	-			-	-	-	-	-	-	-	-	-
53		evento/pedRegEvento/infPedReg/e105104/	cMotivo	-			-	-	-	-	-	-	-	-	-
54		evento/pedRegEvento/infPedReg/e105104/	xMotivo	-			-	-	-	-	-	-	-	-	-
55		evento/pedRegEvento/infPedReg/	e105105	Não é permitida a recepção do indeferimento de uma solicitação de cancelamento por análise fiscal sem que haja um Evento de Solicitação de Análise Fiscal para Cancelamento de NFS-e, que esteja pendente de deferimento ou indeferimento.			Rej.	E0856	O Sistema Nacional NFS-e não pode recepecionar o EVENTO DE CANCELAMENTO DE NFS-e INDEFERIDO POR ANÁLISE FISCAL pois não existe um EVENTO DE SOLICITAÇÃO DE ANÁLISE FISCAL PARA CANCELAMENTO DE NFS-e pendente para deferimento ou indeferimento.	1	V	-	V	-	-
56							Rej.	E0855	O Sistema Nacional NFS-e não pode recepecionar o EVENTO DE CANCELAMENTO DE NFS-E INDEFERIDO POR ANÁLISE FISCAL pois, o evento de <nome_evento_vinculado_a_NFS-e> já está vinculado à NFS-e indicada no evento enviado, impedindo sua recepção.	1	V	V	V	V	-
57		evento/pedRegEvento/infPedReg/e105105/	xDesc	-			-	-	-	-	-	-	-	-	-
58		evento/pedRegEvento/infPedReg/e105105/	CPFAgTrib	-			-	-	-	-	-	-	-	-	-
59		evento/pedRegEvento/infPedReg/e105105/	nProcAdm	-			-	-	-	-	-	-	-	-	-
60		evento/pedRegEvento/infPedReg/e105105/	cMotivo	-			-	-	-	-	-	-	-	-	-
61		evento/pedRegEvento/infPedReg/e105105/	xMotivo	-			-	-	-	-	-	-	-	-	-
62		evento/pedRegEvento/infPedReg/	e202201	O Sistema Nacional NFS-e deve responder à recepção do EVENTO DE MANIFESTAÇÃO DE NFS-e - CONFIRMAÇÃO DO PRESTADOR, conforme indicado nas linhas da respectiva coluna deste evento na planilha "RN EVENTOSxEVENTOS - Sistema Nacional NFS-e".			Rej.	E0860	O Sistema Nacional NFS-e não pode recepecionar o EVENTO DE MANIFESTAÇÃO DE NFS-e - CONFIRMAÇÃO DO PRESTADOR pois, o evento de <nome_evento_vinculado_a_NFS-e> já está vinculado à NFS-e indicada no evento enviado, impedindo sua recepção.	1	V	V	V	V	-
63		evento/pedRegEvento/infPedReg/e202201/	xDesc	-			-	-	-	-	-	-	-	-	-
64		evento/pedRegEvento/infPedReg/	e203202	O Sistema Nacional NFS-e deve responder à recepção do EVENTO DE MANIFESTAÇÃO DE NFS-e - CONFIRMAÇÃO DO TOMADOR, conforme indicado nas linhas da respectiva coluna deste evento na planilha "RN EVENTOSxEVENTOS - Sistema Nacional NFS-e".			Rej.	E0861	O Sistema Nacional NFS-e não pode recepecionar o EVENTO DE MANIFESTAÇÃO DE NFS-e - CONFIRMAÇÃO DO TOMADOR pois, o evento de <nome_evento_vinculado_a_NFS-e> já está vinculado à NFS-e indicada no evento enviado, impedindo sua recepção.	1	V	V	V	V	-
65		evento/pedRegEvento/infPedReg/e203202/	xDesc	-			-	-	-	-	-	-	-	-	-
66		evento/pedRegEvento/infPedReg/	e204203	O Sistema Nacional NFS-e deve responder à recepção do EVENTO DE MANIFESTAÇÃO DE NFS-e - CONFIRMAÇÃO DO INTERMEDIÁRIO, conforme indicado nas linhas da respectiva coluna deste evento na planilha "RN EVENTOSxEVENTOS - Sistema Nacional NFS-e".			Rej.	E0862	O Sistema Nacional NFS-e não pode recepecionar o EVENTO DE MANIFESTAÇÃO DE NFS-e - CONFIRMAÇÃO DO INTERMEDIÁRIO pois, o evento de <nome_evento_vinculado_a_NFS-e> já está vinculado à NFS-e indicada no evento enviado, impedindo sua recepção.	1	V	V	V	V	-
67		evento/pedRegEvento/infPedReg/e204203/	xDesc	-			-	-	-	-	-	-	-	-	-
68		evento/pedRegEvento/infPedReg/	e205204	O Sistema Nacional NFS-e deve responder à recepção do EVENTO DE MANIFESTAÇÃO DE NFS-e - CONFIRMAÇÃO TÁCITA, conforme indicado nas linhas da respectiva coluna deste evento na planilha "RN EVENTOSxEVENTOS - Sistema Nacional NFS-e".			Rej.	E0863	O Sistema Nacional NFS-e não pode recepecionar o EVENTO DE MANIFESTAÇÃO DE NFS-e - CONFIRMAÇÃO TÁCITA pois, o evento de <nome_evento_vinculado_a_NFS-e> já está vinculado à NFS-e indicada no evento enviado, impedindo sua recepção.	1	V	V	V	V	-
69		evento/pedRegEvento/infPedReg/e205204/	xDesc	-			-	-	-	-	-	-	-	-	-
70		evento/pedRegEvento/infPedReg/e205204/	CPFAgTrib	-			-	-	-	-	-	-	-	-	-
71		evento/pedRegEvento/infPedReg/	e202205	O Sistema Nacional NFS-e deve responder à recepção do EVENTO DE MANIFESTAÇÃO DE NFS-e - REJEIÇÃO DO PRESTADOR, conforme indicado nas linhas da respectiva coluna deste evento na planilha "RN EVENTOSxEVENTOS - Sistema Nacional NFS-e".			Rej.	E0864	O Sistema Nacional NFS-e não pode recepecionar o EVENTO DE MANIFESTAÇÃO DE NFS-e - REJEIÇÃO DO PRESTADOR pois, o evento de <nome_evento_vinculado_a_NFS-e> já está vinculado à NFS-e indicada no evento enviado, impedindo sua recepção.	1	V	V	V	V	-
72		evento/pedRegEvento/infPedReg/e202205/	xDesc	-			-	-	-	-	-	-	-	-	-
73		evento/pedRegEvento/infPedReg/e202205/	cMotivo	-			-	-	-	-	-	-	-	-	-
74		evento/pedRegEvento/infPedReg/e202205/	xMotivo	Se o campo cMotivo for igual a "9, - Outros", então a descrição do motivo tem preenchimento obrigatório.			Rej.	E1944	A  descrição do motivo é obrigatória caso o tipo do motivo seja "9 - Outros".	1	V	V	V	V	-
75		evento/pedRegEvento/infPedReg/	e203206	O Sistema Nacional NFS-e deve responder à recepção do EVENTO DE MANIFESTAÇÃO DE NFS-e - REJEIÇÃO DO TOMADOR, conforme indicado nas linhas da respectiva coluna deste evento na planilha "RN EVENTOSxEVENTOS - Sistema Nacional NFS-e".			Rej.	E0866	O Sistema Nacional NFS-e não pode recepecionar o EVENTO DE MANIFESTAÇÃO DE NFS-e - REJEIÇÃO DO TOMADOR pois, o evento de <nome_evento_vinculado_a_NFS-e> já está vinculado à NFS-e indicada no evento enviado, impedindo sua recepção.	1	V	V	V	V	-
76		evento/pedRegEvento/infPedReg/e203206/	xDesc	-			-	-	-	-	-	-	-	-	-
77		evento/pedRegEvento/infPedReg/e203206/	cMotivo	-			-	-	-	-	-	-	-	-	-
78		evento/pedRegEvento/infPedReg/e203206/	xMotivo	Se o campo cMotivo for igual a "9, - Outros", então a descrição do motivo tem preenchimento obrigatório.			Rej.	E1949	A  descrição do motivo é obrigatória caso o tipo do motivo seja "9 - Outros".	1	V	V	V	V	-
79		evento/pedRegEvento/infPedReg/	e204207	O Sistema Nacional NFS-e deve responder à recepção do EVENTO DE MANIFESTAÇÃO DE NFS-e - REJEIÇÃO DO INTERMEDIÁRIO, conforme indicado nas linhas da respectiva coluna deste evento na planilha "RN EVENTOSxEVENTOS - Sistema Nacional NFS-e".			Rej.	E0868	O Sistema Nacional NFS-e não pode recepecionar o EVENTO DE MANIFESTAÇÃO DE NFS-e - REJEIÇÃO DO INTERMEDIÁRIO pois, o evento de <nome_evento_vinculado_a_NFS-e> já está vinculado à NFS-e indicada no evento enviado, impedindo sua recepção.	1	V	V	V	V	-
80		evento/pedRegEvento/infPedReg/e204207/	xDesc	-			-	-	-	-	-	-	-	-	-
81		evento/pedRegEvento/infPedReg/e204207/	cMotivo	-			-	-	-	-	-	-	-	-	-
82		evento/pedRegEvento/infPedReg/e204207/	xMotivo	Se o campo cMotivo for igual a "9, - Outros", então a descrição do motivo tem preenchimento obrigatório.			Rej.	E1954	A  descrição do motivo é obrigatória caso o tipo do motivo seja "9 - Outros".	-	V	V	V	V	-
83		evento/pedRegEvento/infPedReg/	e205208	O Sistema Nacional NFS-e deve responder à recepção do EVENTO DE MANIFESTAÇÃO DE NFS-e - ANULAÇÃO DA REJEIÇÃO, conforme indicado nas linhas da respectiva coluna deste evento na planilha "RN EVENTOSxEVENTOS - Sistema Nacional NFS-e".			Rej.	E0870	O Sistema Nacional NFS-e não pode recepecionar o EVENTO DE MANIFESTAÇÃO DE NFS-e - ANULAÇÃO DA REJEIÇÃO pois, o evento de <nome_evento_vinculado_a_NFS-e> já está vinculado à NFS-e indicada no evento enviado, impedindo sua recepção.	1	V	V	V	V	-
84		evento/pedRegEvento/infPedReg/e205208/	CPFAgTrib	-			-	-	-	-	-	-	-	-	-
85		evento/pedRegEvento/infPedReg/e205208/	idEvManifRej	O identificador do Evento de Manifestação de NFS-e - Rejeição a ser anulado deve existir no Sistema Nacional NFS-e e corresponder a um identificador de evento de rejeição vinculada à NFS-e informada no evento.			Rej.	E1963	O identificador do Evento de Manifestação de NFS-e - Rejeição a ser anulado deve existir no Sistema Nacional NFS-e e corresponder a um identificador de evento de rejeição vinculada à NFS-e informada no evento.	1	V	V	V	V	-
86		evento/pedRegEvento/infPedReg/e205208/	xMotivo	-			-			-	-	-	-	-	-
87		evento/pedRegEvento/infPedReg/	e305101	O Sistema Nacional NFS-e deve responder à recepção do EVENTO DE CANCELAMENTO DE NFS-e POR OFÍCIO, conforme indicado nas linhas da respectiva coluna deste evento na planilha "RN EVENTOSxEVENTOS - Sistema Nacional NFS-e".			Rej.	E1960	O Sistema Nacional NFS-e não pode recepecionar o EVENTO DE CANCELAMENTO DE NFS-e POR OFÍCIO pois, o evento de <nome_evento_vinculado_a_NFS-e> já está vinculado à NFS-e indicada no evento enviado, impedindo sua recepção.	1	V	V	V	V	-
88		evento/pedRegEvento/infPedReg/e305101/	xDesc	-			-	-	-	-	-	-	-	-	-
89		evento/pedRegEvento/infPedReg/e305101/	CPFAgTrib	-			-	-	-	-	-	-	-	-	-
90		evento/pedRegEvento/infPedReg/e305101/	nProcAdm	-			-	-	-	-	-	-	-	-	-
91		evento/pedRegEvento/infPedReg/e305101/	xProcAdm	-			-	-	-	-	-	-	-	-	-
92		evento/pedRegEvento/infPedReg/	e305102	O Sistema Nacional NFS-e deve responder à recepção do EVENTO DE BLOQUEIO DE NFS-e POR OFÍCIO, conforme indicado nas linhas da respectiva coluna deste evento na planilha "RN EVENTOSxEVENTOS - Sistema Nacional NFS-e".			Rej.	E1965	O Sistema Nacional NFS-e não pode recepecionar o EVENTO DE BLOQUEIO DE NFS-e POR OFÍCIO pois, o evento de <nome_evento_vinculado_a_NFS-e> já está vinculado à NFS-e indicada no evento enviado, impedindo sua recepção.	1	V	V	V	V	-
93		evento/pedRegEvento/infPedReg/e305102/	xDesc	-			-	-	-	-	-	-	-	-	-
94		evento/pedRegEvento/infPedReg/e305102/	CPFAgTrib	-			-	-	-	-	-	-	-	-	-
95		evento/pedRegEvento/infPedReg/e305102/	xMotivo	-			-	-	-	-	-	-	-	-	-
96		evento/pedRegEvento/infPedReg/e305102/	codEvento	O Evento de Bloqueio de NFS-e para um tipo de evento, deve ser rejeitado se já houver um evento de bloqueio de NFS-e para o mesmo tipo do evento que não esteja desbloquedo. \n  \n Obs: Verificar se para cada evento de bloqueio de NFS-e para um tipo de evento existe o correspondente desbloqueio. \n  \n Se os possíveis eventos de bloqueios de NFS-e para um tipo de evento não estiverem todos pareados com os seus respectivos desbloqueios, então o eveto de bloqueio de NFS-e do mesmo tipo que está sendo recepcionado pelo Sistema Nacional NFS-e deverá ser rejeitado.			Rej.	E1967	O sistema não pode recepcionar o Evento de Bloqueio de NFS-e por Ofício para <tipo_evento_bloqueio_NFS-e>, pois já existe o mesmo tipo de evento vinculado à NFS-e sem o Evento de Desbloqueio correpondente.	1	V	V	V	V	-
97		evento/pedRegEvento/infPedReg/	e305103	O Sistema Nacional NFS-e deve responder à recepção do EVENTO DE DESBLOQUEIO DE NFS-e POR OFÍCIO, conforme indicado nas linhas da respectiva coluna deste evento na planilha "RN EVENTOSxEVENTOS - Sistema Nacional NFS-e".			Rej.	E1970	O Sistema Nacional NFS-e não pode recepecionar o EVENTO DE DESBLOQUEIO DE NFS-e POR OFÍCIO pois, o evento de <nome_evento_vinculado_a_NFS-e> já está vinculado à NFS-e indicada no evento enviado, impedindo sua recepção.	1	V	V	V	V	-
98		evento/pedRegEvento/infPedReg/e305103/	xDesc	-			-	-	-	-	-	-	-	-	-
99		evento/pedRegEvento/infPedReg/e305103/	CPFAgTrib	-			-	-	-	-	-	-	-	-	-
100		evento/pedRegEvento/infPedReg/e305103/	idBloqOfic	O evento de Evento de Desbloqueio de NFS-e deve ser rejeitado se o identificador do bloqueio de oficio, indicado neste evento, não existir.			Rej.	E1976	Não existe o identificador de bloqueio informado neste evento para desbloqueio.	1	V	V	V	V	-
101							Rej.	E1978	O sistema não pode recepcionar o Evento Desbloqueio de NFS-e por Ofício, pois o Evento de Bloqueio indicado já foi desbloqueado.	1	V	V	V	V	-
102		evento/pedRegEvento/	Signature	A assinatura do Pedido de Registro de Evento deve ser válida.			Rej.	E1980	Arquivo enviado com erro na assinatura.	1	V	V	X	V	-
103							Rej.	E1983	Certificado Digital da assinatura inválido.	1	V	V	X	V	-
104							Rej.	E1986	Certificado Digital fora do padrão estabelecido.	1	V	V	X	V	-
105							Rej.	E1989	A assinatura é obrigatória quando for enviado para o Web Service.	1	V	V	X	V	-
106							Rej.	E1991	A assinatura deve ser feita com o certificado digital do emitente do Pedido de Registro de Evento. \n 	1	V	V	X	V	-
107		evento/	Signature	A assinatura do Evento deve ser válida.			Rej.	E2020	Arquivo enviado com erro na assinatura.	1	X	V	V	V	-
108							Rej.	E2023	Certificado Digital da assinatura inválido.	1	X	V	V	V	-
109							Rej.	E2026	Certificado Digital fora do padrão estabelecido.	1	X	V	V	V	-
110							Rej.	E2029	A assinatura é obrigatória quando for enviado paraa API.	1	X	V	V	V	-
111							Rej.	E2032	A assinatura deve ser feita com o certificado digital do município emissor do Evento. \n 	1	X	V	V	V	-
